<?xml version="1.0" encoding="UTF-8"?>
<beans xmlns="http://www.springframework.org/schema/beans"
	xmlns:xsi="http://www.w3.org/2001/XMLSchema-instance" xmlns:context="http://www.springframework.org/schema/context"
	xmlns:mvc="http://www.springframework.org/schema/mvc"
	xsi:schemaLocation="http://www.springframework.org/schema/beans
						http://www.springframework.org/schema/beans/spring-beans.xsd
						http://www.springframework.org/schema/context
						http://www.springframework.org/schema/context/spring-context.xsd
						http://www.springframework.org/schema/mvc
						http://www.springframework.org/schema/mvc/spring-mvc.xsd">
	
	

   <mvc:annotation-driven/>					  
<context:component-scan base-package="com.smartbank"/>			
     <!--  <mvc:resources mapping="/resources/*" location="/resources/"/>
	 -->
	<bean id="viewResolver"
		class="org.springframework.web.servlet.view.InternalResourceViewResolver">
		
		<property name="prefix">
 			<value>/WEB-INF/pages/</value>
		</property>
		<property name="suffix">
			<value>.jsp</value>
		</property>
	</bean>
	
	<bean id="dataSource"
       class="org.springframework.jdbc.datasource.DriverManagerDataSource">
    <property name="driverClassName" value="com.mysql.jdbc.Driver"/>
    <property name="url" value="jdbc:mysql://localhost/hari"/>
    <property name="username" value="root"/>
    <property name="password" value="Sravani@2298"/>
   
   
    
</bean> 



<bean id="sessionFactory" 
	  class="org.springframework.orm.hibernate5.LocalSessionFactoryBean">
<property name="dataSource" ref="dataSource"/>
<property name="packagesToScan" value="com.smartbank.model"/>

<property name="hibernateProperties">
<value>org.hibernate.dialect.MySQLDialect</value>
</property>

</bean>
<!--<bean name="CustomerDao" class="com.smartbank.dao.CustomerDao"/>-->
<!--  <bean name="" class="com.smartbank.service.CustomerDao"/>-->
  <bean name="LoginDAO"  class="com.smartbank.dao.LoginDao" />

<bean name="LoginService"  class="com.smartbank.service.LoginService" />  
</beans>